Title,Company,Location,Studies-level,Domain,Contract
Moderateur site web (h/f) 1 mois formation pre-embauche (non rémunéré),Webplus,Casablanca,Bac plus 2,Informatique - Systèmes d'Information,A discuter
Stage en Infographie,NEXA,Rabat,Pas important,Informatique - Webdesign/Infographie,Stage
Satgiares PHP et Wordpress CMS...,NEXA,Rabat,Pas important,Informatique - Webdesign/Infographie,Stage
DEVELOPPEUR FULL STACK,valority,Casablanca,Bac plus 5,Informatique - Systèmes d'Information,CDI
Développeur Web Symfony,Sarl,Casablanca,Bac plus 3,Informatique - Développement,A discuter
Offre stage webdesigner / infographiste,Tingis Web,Tanger,Bac plus 5,Informatique - Webdesign/Infographie,Stage
Technicien spécialisé en informatique ,Société,Marrakech,Bac plus 2,Informatique - Systèmes/Réseaux,Stage
Commercial  en informatique ,Société,Marrakech,Bac plus 2,Commercial/Technico-Commercial,A discuter
Analyste Développeur PHP / Wordpress,DANIWEB,Casablanca,Bac plus 3,Informatique - Développement,A discuter
Désolé,none,none,none,none,none
technicien informatique,MoniSoft sarl,Casablanca,Bac plus 2,Informatique - Systèmes/Réseaux,A discuter
Ingénieur étude et développement Java JEE,Traconsulting,Temara,Bac plus 5,Informatique - Développement,CDI
Développeur Web,Confidentiel,Tanger,Bac plus 3,Informatique - Systèmes d'Information,CDI
Stagiaire POWER BI ,ANONYME,Casablanca,Bac plus 5,Informatique - Développement,Stage
Technicien systèmes et réseaux,SSII,Tanger,Bac plus 2,Informatique - Systèmes/Réseaux,A discuter
Stagiaire infographiste,YAN SOFT,Casablanca,Bac plus 2,Informatique - Webdesign/Infographie,Stage
Stage Développement Web LARAVEL - Wordpress,YAN SOFT,Casablanca,Bac plus 5,Informatique - Développement,Stage
RESPONSABLE SYSTEME D'INFORMATION,MBS,Casablanca,Bac plus 5,Informatique - Systèmes/Réseaux,A discuter
Stage pré-embauche: Infographiste,Confidentiel,Casablanca,Bac plus 2,Informatique - Webdesign/Infographie,Stage
technicien reseau,geo technologie et innovation,Fès,Bac plus 2,Informatique - Systèmes/Réseaux,A discuter
Moderateur site web (h/f) 1 mois formation pre-embauche (non rémunéré),Webplus,Casablanca,Bac plus 2,Informatique - Systèmes d'Information,A discuter
Stage en Infographie,NEXA,Rabat,Pas important,Informatique - Webdesign/Infographie,Stage
Satgiares PHP et Wordpress CMS...,NEXA,Rabat,Pas important,Informatique - Webdesign/Infographie,Stage
DEVELOPPEUR FULL STACK,valority,Casablanca,Bac plus 5,Informatique - Systèmes d'Information,CDI
Développeur Web Symfony,Sarl,Casablanca,Bac plus 3,Informatique - Développement,A discuter
Offre stage webdesigner / infographiste,Tingis Web,Tanger,Bac plus 5,Informatique - Webdesign/Infographie,Stage
Technicien spécialisé en informatique ,Société,Marrakech,Bac plus 2,Informatique - Systèmes/Réseaux,Stage
Commercial  en informatique ,Société,Marrakech,Bac plus 2,Commercial/Technico-Commercial,A discuter
Analyste Développeur PHP / Wordpress,DANIWEB,Casablanca,Bac plus 3,Informatique - Développement,A discuter
Désolé,none,none,none,none,none
technicien informatique,MoniSoft sarl,Casablanca,Bac plus 2,Informatique - Systèmes/Réseaux,A discuter
Ingénieur étude et développement Java JEE,Traconsulting,Temara,Bac plus 5,Informatique - Développement,CDI
Développeur Web,Confidentiel,Tanger,Bac plus 3,Informatique - Systèmes d'Information,CDI
Stagiaire POWER BI ,ANONYME,Casablanca,Bac plus 5,Informatique - Développement,Stage
Technicien systèmes et réseaux,SSII,Tanger,Bac plus 2,Informatique - Systèmes/Réseaux,A discuter
Stagiaire infographiste,YAN SOFT,Casablanca,Bac plus 2,Informatique - Webdesign/Infographie,Stage
Stage Développement Web LARAVEL - Wordpress,YAN SOFT,Casablanca,Bac plus 5,Informatique - Développement,Stage
RESPONSABLE SYSTEME D'INFORMATION,MBS,Casablanca,Bac plus 5,Informatique - Systèmes/Réseaux,A discuter
Stage pré-embauche: Infographiste,Confidentiel,Casablanca,Bac plus 2,Informatique - Webdesign/Infographie,Stage
technicien reseau,geo technologie et innovation,Fès,Bac plus 2,Informatique - Systèmes/Réseaux,A discuter
Stage en Informatique,Cabinet d'Expertise Aouam,Marrakech,Bac plus 2,Informatique - Développement,Stage
INFOGRAPHISTE DESIGNER,SAKII,Casablanca,Bac plus 2,Informatique - Webdesign/Infographie,CDI
DEVELOPPEUR EN .NET A RABAT,sarl,Rabat,Bac plus 3,Informatique - Développement,CDI
Consultant système d'information + Microsoft AX,SOCIETE SARL,Rabat,Bac plus 4,Informatique - Systèmes d'Information,A discuter
DEVELOPPEUR ERP ,SOCIETE SARL,Autre ville,Bac plus 2,Informatique - Développement,A discuter
Stage en Maintenance Informatique,apres,Rabat,Bac plus 2,Informatique - Développement Hardware,Stage
Développement web,MaWeb,Agadir,Bac plus 2,Informatique - Développement,Anapec
Webmaster à tanger,Confidentiel,Tanger,Bac plus 3,Informatique - Développement,CDI
Développeur web,Confidentiel,Tanger,Bac plus 2,Informatique - Développement,CDI
Agent Marketing,CMH,Tanger,Bac plus 2,Informatique - Développement,CDI
 Développeur Webdesigner,Confidentiel,Tanger,Bac plus 2,Informatique - Webdesign/Infographie,CDI
Formatrice / Formateur en informatique,GEGA TRONIC,Agadir,Bac plus 2,Informatique - Développement,A discuter
STAGE INGÉNIEUR INFORMATIQUE SUR TANGER,sendatrack,Tanger,Bac plus 5,Informatique - Développement,Stage
Développeur Ionic,Entreprise en secteur IT,Casablanca,Bac plus 2,Informatique - Développement,CDI
Développeur informatique python,ste,Fès,Bac plus 4,Informatique - Développement,Stage
Offre stage pré-embauche pour infographiste - casablanca,ARABESQ PRINT,Casablanca,Bac plus 2,Informatique - Webdesign/Infographie,Stage
Web développement offre stage,Amam Développement,Salé,Pas important,Informatique - Développement,Stage
Ingenieur BI,SSII MOHAMEDIA,Mohammedia,Bac plus 4,Informatique - Systèmes d'Information,CDI
DEVELOPPEUR(SE) JAVAFX,BENYTEC,Marrakech,Bac plus 4,Ingénierie - Telecoms/Electronique,CDI
Stagiaire réseau informatique,Anonyme,Casablanca,Bac plus 3,Informatique - Systèmes/Réseaux,Stage
Stagiaire developpement web,U2S,Mohammedia,Bac plus 2,Informatique - Développement,Stage
Ingénieur FullStack Dot Net / Angular (H/F) - Casa,Confidentiel,Casablanca,Bac plus 5,Informatique - Développement,CDI
Consultant (e) technique Logiciel,société,Casablanca,Bac plus 2,Comptabilite/Gestion/Audit/Finance,CDI
Développeurs seniors Java JEE (H/F),SIS Consultants,Rabat,Bac plus 5,Informatique - Développement,A discuter
Stage non rémunéré en développement,Confidentiel,Casablanca,Bac plus 2,Informatique - Développement,Stage
Développeur web Synfony,Proxisoft,Salé,Bac plus 2,Informatique - Développement,A discuter
Testeur intégrateur Web,Recrutement,Casablanca,Bac plus 3,Informatique - Webdesign/Infographie,CDI
Spécialise en test automatisés / Testing,Recrutement,Casablanca,Bac plus 5,Informatique - Développement,CDI
Administrateur système et réseau ,Anonyme,Casablanca,Bac plus 5,Informatique - Systèmes d'Information,CDI
infographie débutant ,privé,Casablanca,Niveau Bac,Informatique - Webdesign/Infographie,A discuter
Offre d'emploi développeur ,Anaqa Shop,Agadir,Bac plus 2,Informatique - Développement,A discuter
gérant cyber,cyber,Salé,Pas important,Informatique - Systèmes d'Information,A discuter
Community manager ,commerce,Marrakech,Bac plus 2,Informatique - Webdesign/Infographie,A discuter
Technicien courant faible ET Electricité,securite,Casablanca,Bac plus 2,Ingénierie - Electro-tech./Automat,A discuter
Graphiste designer,MY WALL,Casablanca,Pas important,Informatique - Webdesign/Infographie,A discuter
Développeur java j2EE /JSF,soft & soft,Rabat,Pas important,Informatique - Développement,A discuter
stagiaire en devellopement informatique,afridata services,Casablanca,Bac plus 3,Informatique - Développement,Stage
Développeur Sage X3,filial,Casablanca,Bac plus 5,Informatique - Développement,CDI
Full Stack Web Developer,ZaySoft,Mohammedia,Bac plus 5,Informatique - Développement,A discuter
Full stack developer ,Annonyme,Tanger,Pas important,Informatique - Développement,A discuter
Offre stage prÉ-embauche (3 mois) community manager,Urbanlab,Casablanca,Bac plus 2,Informatique - Webdesign/Infographie,A discuter
Ingénieur Python Senior - Casablanca,EVEAD GROUP,Casablanca,Bac plus 5,Informatique - Développement,CDI
Developpeur web confirmé,DG DEPLOY,Rabat,Bac plus 5,Informatique - Développement,A discuter
Développeur PHP,Confidentielle,Casablanca,Bac plus 3,Informatique - Développement,CDI
Développeur WEB,gx solution,Tanger,Pas important,Informatique - Développement,CDI
Développeur Informatique JAVA/JEE,ASATECHNO,Kénitra,Bac plus 5,Informatique - Développement,CDI
Ingénieur DévOps,ASATECHNO,Kénitra,Bac plus 5,Informatique - Développement,CDI
IT MANAGER,ASATECHNO,Kénitra,Bac plus 5,Informatique - Développement,CDI
Technico Commercial Produit Informatique,3 000 - 4 000 DH,Tanger,none,Commercial/Technico-Commercial,A discuter
Formateur de l’informatique :,Centre de formation,Casablanca,Bac plus 3,Informatique - Systèmes d'Information,A discuter
Technicien assistance informatique aux utilisateur,SSII,Casablanca,Bac plus 2,Informatique - Systèmes/Réseaux,A discuter
DÉVELOPPEUR FRONTEND ET BACKEND RABAT,Lycom,Rabat,Bac plus 2,Informatique - Développement,A discuter
Développeur Full Stack expéimenté,Ecomus,Agadir,Bac plus 2,Informatique - Développement,A discuter
Infographiste / webmaster,HELPRO,Berrechid,Pas important,Informatique - Webdesign/Infographie,Anapec
Offre stage pré-embauche développement informatique,NordTech solutions,Tetouan,Bac plus 2,Informatique - Développement,Stage
Infographie - montage video offre stage,MLView Consulting,Tanger,Bac plus 2,Informatique - Webdesign/Infographie,Stage
Infographiste offre stage,Perles of morocco,Mohammedia,Pas important,Informatique - Webdesign/Infographie,Stage
 formateur react native ,RH,Rabat,Bac plus 5,Informatique - Développement,A discuter
Stagiaire infographiste,Urbanlab,Casablanca,Bac plus 2,Informatique - Webdesign/Infographie,Stage
STAGE  EN RÉSEAUX INFORMATIQUE/ DEVELOPPEMENT ,E°,Marrakech,Bac plus 2,Informatique - Systèmes/Réseaux,Stage
Offre stage pré-embauche développement informatique,Graviton,Rabat,Bac plus 2,Informatique - Développement,Stage
Développeur à Marrakech,ENSEI WEB DIVERS,Marrakech,Bac plus 3,Informatique - Développement,Stage
INFORMATICIEN,manpower,Casablanca,Bac plus 2,Informatique - Développement Hardware,Interim
DEVELOPPEUR WEB ,Artlink,Mohammedia,Bac plus 2,Informatique - Développement,A discuter
ingénieur développement java angular pour mission ,Luxurea,Rabat,Bac plus 5,Informatique - Développement,CDD
STAGE AMOA,INVEKO,Casablanca,Bac plus 5,Informatique - Développement,Stage
Désolé,none,none,none,none,none
Technicien en informatique ,Bureau d'études,Marrakech,Bac plus 2,Informatique - Systèmes d'Information,A discuter
Technicien (option: Analyste programmeur) ,Bureau d'études,Marrakech,Bac plus 2,Informatique - Développement,A discuter
Offre stage rémunéré développeuse web wordpress,Agence de référencement,Agadir,Bac plus 2,Informatique - Développement,Stage
Centre de vacances recrute informaticien ,Centre de vacances à Agadir,Agadir,Bac plus 2,Informatique - Développement Hardware,CDD
Désolé,none,none,none,none,none
Désolé,none,none,none,none,none
Consultants SAP,Roadmap consulting,Casablanca,Bac plus 5,Informatique - Systèmes/Réseaux,A discuter
Consultant oracle EBS,Roadmap consulting,Casablanca,Bac plus 5,Informatique - Systèmes/Réseaux,A discuter
Vendeuse de produits informatique ,DATA SOFTWARE,Berrechid,Pas important,Assistant/Ventes/Accueil,Stage
Désolé,none,none,none,none,none
IT Specialist,Emeakom,Casablanca,Bac plus 3,Informatique - Systèmes/Réseaux,CDI
Information security manager bac+5,A discuter,Casablanca,none,Informatique - Développement,CDI
Développeur C# / UNITY 3D ,DESCARTES Ingénierie,Marrakech,Bac plus 2,Informatique - Développement,CDI
Développeurs seniors Java JEE (H/F),SIS Consultants,Rabat,Bac plus 5,Informatique - Développement,A discuter
Stage pour ads Manager,Technopek,Agadir,Niveau Bac,Commercial IT/Agence Com,Stage
Community Manager ( stage a Marrakech) ,HH CAFTAN,Marrakech,Pas important,Informatique - Développement,CDI
Stage en développement informatique a Marrakech,Ano,Marrakech,Pas important,Informatique - Webdesign/Infographie,Stage
Formatrice informatique,ITB Comapny,Casablanca,Bac plus 5,RH/Personnel/Formation,A discuter
Infographiste- Webmaster,BDM PHARMA,Casablanca,Bac plus 3,Informatique - Webdesign/Infographie,A discuter
Formateur développement web et web mobile ,SIMPLON MAROC,Tout le Maroc,Bac plus 2,Informatique - Développement,A discuter
Chargé d'achat ,confidentiel,Tetouan,Bac plus 2,Achat,A discuter
DevOps,Edgesec,Meknès,Pas important,Informatique - Systèmes/Réseaux,CDI
Offre stage pré-embaucheen développement web,wex,Casablanca,Pas important,Informatique - Développement,Stage
Infographie - community manager,WEBEXAG,Casablanca,Bac plus 2,Informatique - Webdesign/Infographie,Stage
Développeur Sénior PHP/LARAVEL,STG MAROC,Tanger,Bac plus 5,Informatique - Développement,CDI
Stage - département Art et Créa,mobiletic.ma,Meknès,Bac plus 2,Informatique - Webdesign/Infographie,Stage
Stage Développement Web - Wordpress,Rolin Multiservices,Casablanca,Bac plus 3,Informatique - Développement,Stage
Stage - Rédactrice / Rédacteur pédagogique H/F,mobiletic.ma,Meknès,Bac plus 2,RH/Personnel/Formation,Stage
Chef de projet ERP ,Leader de l'Acier,Casablanca,Bac plus 5,Informatique - Développement,CDI
Agent support informatique,Touch solution,Kénitra,Bac plus 2,Informatique - Systèmes/Réseaux,CDI
L'ecole d'ingenieurrecrute des infographistes,Ecole Supérieure de Génie Civil et des Nouvelles Technologies,Meknès,Pas important,Informatique - Webdesign/Infographie,A discuter
Photographe artiste et vidéo maker,ARWA SHOES,Fès,Bac plus 2,Informatique - Webdesign/Infographie,Anapec
Développeur Web Full-Stack,Wave Inc,Temara,Bac plus 5,Informatique - Développement,CDI
Lead Développeur Fullstack - Senior,AjiCreative Web Consulting,Agadir,Pas important,Informatique - Développement,CDI
"Web Designer, UI/UX designer",COD MONSTER,Fès,Bac plus 3,Informatique - Webdesign/Infographie,CDI
INGENIEUR RESEAU ET TELECOM SUR ////CASABLANCA////,Cloudme,Casablanca,Bac plus 5,Ingénierie - Telecoms/Electronique,A discuter
 formateur Autocad,RH,Casablanca,Bac plus 3,Bureau etudes/BTP archit/conception,A discuter
Stage pré-embauche - wordpress ,Medcorp,Casablanca,Bac plus 2,Informatique - Développement,Stage
 consultant développeurs confirmé  langage Python,RH,Casablanca,Bac plus 5,Informatique - Développement Hardware,A discuter
Stagiaires développement informatique,ALAMAL,Casablanca,Bac plus 2,Informatique - Développement,Stage
DEVELOPPEUR(SE) JAVAFX,BIBORNE,Marrakech,Bac plus 4,Informatique - Systèmes d'Information,CDI
Poste de développeur - Gestion wordprese,Sesa Informatique,Rabat,Bac plus 3,Informatique - Développement,CDI
Désolé,none,none,none,none,none
TECHNICIEN HOTLINE ,BIBORNE,Marrakech,Bac plus 3,SAV/Hotline/Téléconseiller,CDI
Développeur web ,HIPRITECH,Casablanca,Bac plus 3,Informatique - Développement,CDI
Plusieurs profils IT anglophone ,SA,Rabat,Bac plus 3,Informatique - Systèmes/Réseaux,CDI
Technicien Informatique,MIAGE,Rabat,Bac plus 2,Informatique - Systèmes/Réseaux,A discuter
Graphiste avec expérience,mobiletic.ma,Meknès,Bac plus 2,Informatique - Webdesign/Infographie,CDI
Développeur Backend PHP / Symfony,AjiCreative Web Consulting,Agadir,Pas important,Informatique - Développement,CDI
Graphiste  ,Genius Marketing,Marrakech,Bac plus 2,Informatique - Webdesign/Infographie,A discuter
Développeur FullStack .Net/React Senior,AjiCreative Web Consulting,Agadir,Pas important,Informatique - Développement,CDI
Expert Wordpress - Sécurité - SEO,Webcom,Casablanca,Pas important,Informatique - Développement,A discuter
Infographiste - HTML - CSS,Webcom.ma,Casablanca,Pas important,Informatique - Webdesign/Infographie,A discuter
TECHNICIEN INFORMATIQUE,ANAS,Temara,Bac plus 2,Informatique - Systèmes/Réseaux,Anapec
Ingenieur Developpement Informatique Java / Python,Blue Code Dev,Casablanca,Bac plus 5,Informatique - Développement,CDI
développeur informatique ,INT ASSISTANCE,Agadir,Bac plus 3,Informatique - Développement,Anapec
Recrutement d’un Monteur Vidéo,GENESIS Marketing et communication,Marrakech,Pas important,Informatique - Webdesign/Infographie,CDI
Développeurs seniors Java JEE (H/F),SIS Consultants,Rabat,Bac plus 5,Informatique - Développement,A discuter
Développeur WEB PHP ,DG DEPLOY,Rabat,Bac plus 5,Informatique - Développement,CDI
Stage pour ads Manager,Technoprk,Agadir,Niveau Bac,Commercial IT/Agence Com,Stage
Technicien en informatique et réseau ,Siège à Casablanca /Chantiers Casa et hors Casa,Casablanca,Bac plus 2,Informatique - Systèmes/Réseaux,CDI
Stage Pré -  Embauche Video Maker,Bridge To Study,Agadir,Bac plus 3,Informatique - Webdesign/Infographie,Stage
Technicien en système et réseau informatique,Lowcost,Casablanca,Pas important,Informatique - Systèmes/Réseaux,CDI
Offre stage pré-embauche en système et réseau informatique,fastsi,Casablanca,Pas important,Informatique - Systèmes/Réseaux,CDI
Commercial Logiciel Sage,CONSILIMPRO,Casablanca,Bac plus 5,Commercial/Technico-Commercial,CDI
Agent informatique ,ANONYME,Bouskoura,Bac plus 2,Informatique - Systèmes/Réseaux,A discuter
Un technicien spécialisé en Réseau informatique ,anonyme,Casablanca,Bac plus 2,Informatique - Systèmes d'Information,A discuter
Responsable Informatique,SA,Casablanca,Bac plus 5,Informatique - Systèmes/Réseaux,CDI
Ingénieurs BI,GSW,Casablanca,Bac plus 5,Informatique - Systèmes d'Information,A discuter
Ingénieur réseau sécurité,GSW,Casablanca,Bac plus 5,Ingénierie - Telecoms/Electronique,A discuter
INGENIEURS TRANSMISSION,GSW,Casablanca,Bac plus 5,Ingénierie - Telecoms/Electronique,A discuter
CHEF DE PROJET COMMUNICATION DIGITALE,GSW,Casablanca,Bac plus 5,Informatique - Développement,A discuter
Stagiaire Infographiste et webdesigner,Campanella,Fès,Pas important,Informatique - Webdesign/Infographie,Stage
Développeur.NET / Core,NT CONSULTING,Casablanca,Bac plus 5,Informatique - Développement,CDI
Développeur PHP Full Stack,NT CONSULTING,Fès,Bac plus 5,Informatique - Développement,CDI
leader developer,NT CONSULTING,Casablanca,Bac plus 5,Informatique - Développement,CDI
RESPONSABLE COMMERCIAL,IN INFO,Casablanca,Bac plus 5,Commercial/Technico-Commercial,CDI
Stage assistant (e) commercial,AJI COD,Agadir,Pas important,Informatique - Développement,Stage
Stage en Infographie - AGADIR ,AJICOD,Agadir,Pas important,Informatique - Webdesign/Infographie,Stage
Développeur Web PHP - Laravel (Stage: Agadir),AJI COD,Agadir,Pas important,Informatique - Développement,Stage
Chef de projet ERP senior ,Confidentielle,Casablanca,Bac plus 5,Informatique - Développement Hardware,CDI
Développeurs seniors Java JEE (F/H),SIS Consultants,Rabat,Bac plus 5,Informatique - Développement,A discuter
Enseignant d'informatique,soman,Marrakech,Bac plus 2,Informatique - Développement,A discuter
Ingénieur Etude et Développement PHP (H/F),Confidentiel,Rabat,Bac plus 5,Informatique - Développement,CDI
Ingénieur DotNet/C# (H/F),Confidentiel,Rabat,Bac plus 5,Informatique - Développement,CDI
Développeur Informatique maîtrisant les SI,TMR,Casablanca,Bac plus 3,Informatique - Développement,CDI
Développeur web Synfony,proxisoft,Salé,Bac plus 2,Informatique - Développement,Stage
Stage pfe en développement web & mobile,Confidentiel,Casablanca,Pas important,Informatique - Développement,Stage
Stage pré-embauche Web / Motion graphic designer,Techno W,Casablanca,Pas important,Informatique - Webdesign/Infographie,Stage
Développeur WEB,Confidentiel,Casablanca,Bac plus 3,Informatique - Webdesign/Infographie,CDI
Assistante technico-commerciale,Société,Marrakech,Bac plus 3,Commercial/Technico-Commercial,A discuter
Technicien informatique + préparateur de commandes,ULTRAPC,Marrakech,Pas important,Production - Gestion/Maintenance,A discuter
Développeur WEB,OCM,Casablanca,Pas important,Informatique - Développement,A discuter
Infographiste,OCM,Casablanca,Pas important,Informatique - Webdesign/Infographie,A discuter
Stage de Pré-embauche rémunéré en Web-marketing,COOP BH NATURE,Larache,Bac plus 2,Marketing/Communication,Stage
cherche m3alam reparation mobile ,alfajr gsm,Nador,Pas important,Informatique - Développement Hardware,A discuter
Python - Django Developer ,E-maroc wave,Rabat,Pas important,Informatique - Développement,Stage
Stage Pré-embauche Webmarketing,PICAXEL,Agadir,Bac plus 2,Marketing/Communication,Stage
Développeur mobile Android,Strat up,Rabat,Pas important,Informatique - Développement,A discuter
enseignant informatique,la charte,Casablanca,Bac plus 3,Informatique - Systèmes/Réseaux,A discuter
développeur informatique ,INT ASSISTANCE,Agadir,Bac plus 3,Informatique - Développement,Anapec
Informaticien Sur Agadir,SA,Agadir,Bac plus 2,Informatique - Systèmes/Réseaux,CDI
Chef de projet,Heberdomaine.com,Casablanca,Bac plus 5,Informatique - Développement,CDI
Referenceur web naturel SEO webmaster,Afoulki International,Casablanca,Bac plus 3,Informatique - Développement,CDI
Offre stage pre-embauche en maintenance informatique,confidentiel,El jadida,Bac plus 2,Informatique - Systèmes/Réseaux,Stage
Ingénieur Cloud/DevOps,SamtechCommit,Agadir,Bac plus 5,Informatique - Systèmes d'Information,CDI
Infographiste Polyvalent,SIGMATEX,Casablanca,Pas important,Informatique - Webdesign/Infographie,A discuter
Développeur Fullstack PHP / React,Staffone,Casablanca,Pas important,Informatique - Développement,CDI
Stagiaire developpement web,U2S,Mohammedia,Bac plus 2,Informatique - Développement,Stage
Infographiste à fès,Y&Z,Fès,Pas important,Informatique - Webdesign/Infographie,A discuter
Développeur concepteur - rabat,SA,Rabat,Bac plus 4,Informatique - Développement,CDI
Développeur informatique (JAVA2EE),SA,Casablanca,Bac plus 4,Informatique - Développement,CDI
Chef de projet IT Junior ,SA,Casablanca,Bac plus 5,Commercial professionnels (B2B),CDI
Infographiste,d.i.o.a.z,Casablanca,Pas important,Informatique - Webdesign/Infographie,A discuter
DEVELOPPEUSE WEB,PINET,Casablanca,Bac plus 2,Informatique - Développement Hardware,CDI
PMO Senior ( H/F),Confidentiel,Rabat,Bac plus 5,Informatique - Systèmes/Réseaux,CDI
Intégrateur web ,WIB DAY,Casablanca,Pas important,Informatique - Webdesign/Infographie,A discuter
React Js developer / native,Anonym,Casablanca,Pas important,Informatique - Développement,A discuter
Technicien informatique,Confidentiel,Rabat,Bac plus 2,Informatique - Développement,A discuter
Testeur QA,Tersea,Casablanca,Bac plus 5,Informatique - Développement,CDI
Stage f/h informatique,start up,Casablanca,Bac plus 2,Informatique - Systèmes/Réseaux,A discuter
STAGE INFOGRAPHISTE ,Xxx,Rabat,Bac plus 2,Informatique - Webdesign/Infographie,Stage
Développeurs seniors Java JEE (H/F),SIS Consultants,Rabat,Bac plus 5,Informatique - Développement,A discuter
Développeur web full-stack,STE FRANCOMATEAM,Agadir,Bac plus 2,Informatique - Webdesign/Infographie,A discuter
Technicien freelancer,start up,Casablanca,Pas important,Informatique - Systèmes/Réseaux,A discuter
Réceptionniste / hôtesse d'accueil,Group TWINS,Fès,Bac plus 3,Informatique - Développement,CDI
développeur informatique ,INT ASSISTANCE,Agadir,Bac plus 2,Informatique - Développement,Anapec
Développeur Java C++,Cabinet de recrutement,Tout le Maroc,Bac plus 5,Informatique - Développement,CDI
Infographiste / pao (h/f),Simaje,Casablanca,Bac plus 2,Informatique - Webdesign/Infographie,CDI
Commercial IT,2C Solution,Rabat,Bac plus 4,Commercial IT/Agence Com,A discuter
Développeur mobile offre stage,2C Solution,Rabat,Bac plus 2,Informatique - Développement,Stage
Offre stage d’initiation au développement web,DigitalAdvisor,Casablanca,Pas important,Informatique - Développement,A discuter
Désolé,none,none,none,none,none
Technicien supervision systèmes et réseaux,SSII,Casablanca,Bac plus 2,Informatique - Systèmes/Réseaux,A discuter
STAGE (PROGRAMMATION ET SITE WEB) AIT MELLOUL,AWEB NEGOCE sarl,Agadir,Pas important,Informatique - Développement,Stage
Développeur WEB,MAPPING TECHNOLOGIES,Rabat,Bac plus 4,Informatique - Développement,A discuter
Ingénieur d’État en informatique (3 ans),MAPPING TECHNOLOGIES,Rabat,Bac plus 5,Informatique - Développement,CDI
INFOGRAFISTE DESIGNER,CAMPANELLA,Fès,Pas important,Informatique - Webdesign/Infographie,Stage
Infographiste,mwd sarl,Casablanca,Bac plus 2,Informatique - Webdesign/Infographie,Stage
Stage Pour Développeur IOS,Technopek,Agadir,Niveau Bac,Informatique - Développement,A discuter
Stage pré-embauche Cameraman monteur Vidéo,TEAMARTI,Temara,Bac plus 2,Informatique - Webdesign/Infographie,CDI
Stage pour ads Manager,Technopek,Agadir,Niveau Bac,Commercial IT/Agence Com,A discuter
développeur informatique ,Multinational,Tanger,Bac plus 2,Informatique - Développement,CDI
Designer creative ,TEAMARTI,Temara,Bac plus 2,Informatique - Webdesign/Infographie,CDI
Stage pfe / alternance en marketing & communication,Confidentiel,Casablanca,Bac plus 5,Marketing/Communication,Stage
Commercial terrainsecteur informatique,APP,Tanger,Pas important,Commercial professionnels (B2B),A discuter
Offre stage designer graphique,Confidentiel,Casablanca,Bac plus 2,Informatique - Webdesign/Infographie,Stage
Technicien informatique FREELANCE,MONDIAL SHOP,Casablanca,Bac plus 3,Informatique - Systèmes/Réseaux,A discuter
Développeur PYTHON- PHP- MYSQL (H/F),GEROSOFT,Casablanca,Bac plus 3,Informatique - Développement,A discuter
 Développeur informatique java / jee,Confidentiel,Casablanca,Bac plus 5,Informatique - Développement,A discuter
Chef de projet monétique,Confidentiel,Casablanca,Bac plus 3,Informatique - Systèmes d'Information,CDI
développeur informatique (IOS),Confidentiel,Casablanca,Bac plus 3,Informatique - Développement,A discuter
Stagiaire rh bac+4/5,Confidentiel,Casablanca,Bac plus 3,RH/Personnel/Formation,Stage
INGENIEUR TECHNICO COMMERCIAL ROBOTIQUE H/F,ALMAXYA & COMPANY,Rabat,Bac plus 3,Commercial professionnels (B2B),CDI
Responsable SI,TOP CLASS EXPRESSO,Casablanca,Bac plus 5,Informatique - Systèmes d'Information,CDI
Ingénieur Test et Automatisation ,GSW,Casablanca,Bac plus 5,Informatique - Systèmes d'Information,A discuter
Développeurs seniors Java JEE (H/F),SIS Consultants,Rabat,Bac plus 5,Informatique - Développement,A discuter
developeur web/mobile,nurv,Rabat,Pas important,Informatique - Développement,CDI
RESPONSABLE E-COMMERCE,TAFILALET TRAVAUX,Casablanca,Bac plus 4,Commercial IT/Agence Com,CDI
CHARGER DE RECRUTEMENT IT ,SUNLOG HR,Marrakech,Bac plus 2,Commercial/Technico-Commercial,CDI
Gérante pour cyber,cyber express,El jadida,Pas important,Assistant/Ventes/Accueil,A discuter
Frontend developer ,Haromony Technology,Rabat,Bac plus 3,Informatique - Développement,CDI
Infographiste ,agence de communication,Marrakech,Bac plus 2,Informatique - Webdesign/Infographie,A discuter
Ingénieur développement ,ABC,Marrakech,Bac plus 5,Informatique - Développement,Stage
Ingénieur développement ,ABC,Marrakech,Bac plus 5,Informatique - Développement,Stage
Développeur Web et mobile,SARL,Casablanca,Pas important,Informatique - Développement,A discuter
Developpeur Web / Wordpress,Creativekeys,Tetouan,Bac plus 2,Informatique - Webdesign/Infographie,A discuter
Developpeur Windev,Creativekeys,Tetouan,Bac plus 2,Informatique - Développement,A discuter
Responsable Commerciale B2B ,Viatis,Tanger,Bac plus 4,Direction/Resp. Co. et Centre de Profit,CDI
 Technicien Spécialisé en Réseaux informatique,infopro,Casablanca,Bac plus 2,Informatique - Systèmes/Réseaux,Anapec
Développeur front-end / Intégrateur web,WEBHI TECHNOLOGY,Rabat,Bac plus 2,Informatique - Développement,CDI
Technicien support informatique,Association,Casablanca,Bac plus 2,Informatique - Systèmes/Réseaux,A discuter
Digital Marketing - Media Buyer Facebook Google Ad,SARL,Agadir,Bac plus 2,Commercial IT/Agence Com,A discuter
Développeur front-end Angular 2+,Expertis Decision,Casablanca,Bac plus 3,Informatique - Développement,CDI
Graphiste / Web / Motion Designer ,3WM MAROC,Tout le Maroc,Bac plus 2,Informatique - Webdesign/Infographie,A discuter
Stage « Développement Web / SEO / Marketing » ,Rolin Multiservices,Casablanca,Bac plus 3,Informatique - Développement,Stage
Développeur web,WEBMANIA,Mohammedia,Bac plus 2,Informatique - Systèmes d'Information,Stage
développeur informatique ,INT ASSISTANCE,Agadir,Bac plus 3,Informatique - Développement,Anapec
Developpeur php/sql,Association,Fès,Pas important,Informatique - Développement,A discuter
Ingénieur en informatique offre stage,OPTIMUM EXPERTS,Rabat,Bac plus 5,Informatique - Développement,CDI
Responsable E-Commerce,Multinationale,Casablanca,Bac plus 4,Marketing/Communication,CDI
Technicien électronique (Agadir),A discuter,Agadir,none,Commercial/Technico-Commercial,A discuter
Développeur Front-end React ,S.D,Casablanca,Bac plus 5,Informatique - Développement,CDI
TECHNICIEN HOTLINE ,BIBORNE,Marrakech,Bac plus 3,SAV/Hotline/Téléconseiller,CDI
Webdesigner - Infographiste sur Casablanca ,IT Conseil,Casablanca,Bac plus 2,Informatique - Webdesign/Infographie,A discuter
développeurs INFORMATIQUE,A discuter,Fès,none,Informatique - Développement,A discuter
Ingénieur JavaJEE,It Talent,Casablanca,Bac plus 5,Informatique - Développement,CDI
"Concepteur/Développeur Back-end, .NET",It Talent,Casablanca,Bac plus 5,Informatique - Webdesign/Infographie,CDI
Ingénieur Java Angular,It Talent,Casablanca,Bac plus 5,Informatique - Développement,CDI
Ingénieur Sharepoint,It Talent,Casablanca,Bac plus 5,Informatique - Développement,CDI
Infographiste & Web designer,Globaldigis,Fès,Pas important,Informatique - Webdesign/Infographie,A discuter
Ingénieur en informatique à rabat,PRESTATION DE SERVICE,Casablanca,Bac plus 5,Informatique - Systèmes d'Information,A discuter
Offre stage Développeur/Intégrateur CMS,Atr maroc,Kénitra,Bac plus 3,Informatique - Développement,Stage
BI ANALYST,AKDI,Casablanca,Bac plus 4,Informatique - Systèmes d'Information,A discuter
Developpeur react/js,queto,Casablanca,Pas important,Informatique - Développement,A discuter
"Offres des Développeurs - JAVA, PYTHON, C++, PHP",TeslaTeam,Rabat,Pas important,Informatique - Développement,CDI
Graphiste /Webdesigner,TWINS,Fès,Bac plus 2,Informatique - Webdesign/Infographie,A discuter
Architecte cloud aws,Confidentiel,Casablanca,Bac plus 5,Informatique - Systèmes/Réseaux,CDI
Technicien Informatique,GMT,Salé,Bac plus 2,Informatique - Systèmes/Réseaux,CDD
Consultant expert formateur en JAVA ou MERISE,Simplon.co Maroc,Marrakech,Bac plus 5,Informatique - Développement,Interim
Développeurs seniors Java JEE (H/F),SIS Consultants,Rabat,Bac plus 5,Informatique - Développement,A discuter
Commercial en informatique ,Minhaje,Casablanca,Pas important,Commercial/Technico-Commercial,CDD
DEV ODOO A CASABLANCA ,Cloudme,Casablanca,Bac plus 4,Informatique - Développement,CDI
Développeurs dart/flutter,SARL,Casablanca,Pas important,Informatique - Développement,A discuter
Développeur Full Stack WORDPRESS / PRESTASHOP,French Web,Marrakech,Bac plus 2,Informatique - Développement,CDI
Offre stage Développeur/Intégrateur CMS,Atr maroc,Kénitra,Bac plus 4,Informatique - Développement,Stage
Offre stage Développeur/Intégrateur CMS,Atr maroc,Kénitra,Bac plus 3,Informatique - Développement,Stage
développeur informatique ,INT ASSISTANCE,Agadir,Bac plus 3,Informatique - Développement,Anapec
Stage pré-embauche Développeur/ web ,Groupe simans,Casablanca,Bac plus 2,Informatique - Développement,Stage
infographe/ videos maker,DS SOLUTIONS,Casablanca,Bac plus 2,Marketing/Communication,Anapec
Assistante commerciale et administrative immédiate,Uniwell Maroc,Casablanca,Bac plus 2,Assistant/Ventes/Accueil,CDD
Consultant commercial bac+4,CIEL INFORMATIQUE,Casablanca,Bac plus 4,Commercial/Technico-Commercial,CDI
Infographisteà casablanca,SMG,Casablanca,Bac plus 2,Informatique - Webdesign/Infographie,CDI
Informatique et développement MOA,AVS Agadir,Agadir,Bac plus 5,Informatique - Développement,CDI
chargés de recouvrement confirmé,DEKRA SERVICES,Casablanca,Bac plus 4,Comptabilite/Gestion/Audit/Finance,Interim
IT MANAGER SECTEUR HOTELLERIE ,BEST PROFIL,Marrakech,Bac plus 5,Informatique - Développement,Interim
Stagiaire infographiste,DECORAMAL,Casablanca,Pas important,Informatique - Webdesign/Infographie,Stage
Responsable traçabilité,anonyme,Casablanca,Bac plus 3,Ingénierie - Chimie/Pharmacie/Bio,A discuter
Dev  FULL STACK php /WORD PRESS /// A CASABLANCA ,Cloudme,Casablanca,Bac plus 4,Informatique - Développement,A discuter
Développeur en informatique Expérimenté ,RIM TELECOM,Casablanca,Bac plus 3,Informatique - Développement,A discuter
Stagiaire Consultant technico-fonctionnel,BPM24,Casablanca,Bac plus 5,Informatique - Systèmes d'Information,Stage
Désolé,none,none,none,none,none
Ingénieur low code - stage,S.D,Casablanca,Bac plus 5,Informatique - Systèmes d'Information,Stage
Désolé,none,none,none,none,none
Désolé,none,none,none,none,none
Ingénieur tests et automatisation-stage,S.D,Casablanca,Bac plus 5,Informatique - Systèmes d'Information,Stage
Stage Technicien Informatique,Rolin Multiservices,Casablanca,Bac plus 3,Informatique - Systèmes d'Information,Stage
Technicien en Infographie et Design,BATIMENTS ET TRAVAUX PUBLICS,Casablanca,Bac plus 2,Informatique - Webdesign/Infographie,A discuter
Consultant JAVA JEE,Sym,Rabat,Bac plus 5,Informatique - Développement,CDI
Infographiste  - Ain chock,Herbpharma,Casablanca,Pas important,Informatique - Webdesign/Infographie,CDI
Développeur web Wordpress | Stagiaire,WAVE INFOS SARL,Rabat,Pas important,Informatique - Développement,Stage
Stagiaire informatique,Falakitech,Kénitra,Bac plus 2,Informatique - Systèmes/Réseaux,A discuter
Webdesign Infographiste Stagiaire,WAVE INFOS,Rabat,Pas important,Informatique - Webdesign/Infographie,Stage
stage en devellopement informatique,N.SYNERGY,Marrakech,Bac plus 2,Informatique - Développement,Stage
Profil en informatique Junior,Cabinet de recrutement,Casablanca,Bac plus 5,Informatique - Systèmes/Réseaux,CDI
DEVELOPPEUR(SE) FULL STACK WEB CDD/CDI,BIBORNE,Marrakech,Bac plus 3,Informatique - Développement Hardware,CDI
Consultant SOA,confidentiel,Casablanca,Bac plus 5,Informatique - Développement,CDI
Offre de stage dans le domaine développement ,BT,Casablanca,Bac plus 2,Informatique - Développement,A discuter
Assistant responsable Informatique,Kénitra,Kénitra,Bac plus 4,Informatique - Systèmes d'Information,CDD
infographiste,Bizmo Digita,Casablanca,Pas important,Informatique - Webdesign/Infographie,Stage
Développeur informatique ,A/R,Rabat,Bac plus 5,Informatique - Développement,CDI
Informaticien polyvalent bac+3,Lux Media24,Tanger,Bac plus 3,Informatique - Développement,Stage
Développeur Informatique,DIMATIT,Mohammedia,Bac plus 5,Informatique - Systèmes d'Information,CDI
MANAGER SI,MUPRAS,Casablanca,Bac plus 5,Informatique - Systèmes d'Information,CDI
Assistante de direction et commerciale,ITBUS,Rabat,Bac plus 3,Assistant/Ventes/Accueil,CDI
Développeur Laravel ,Consulting,Agadir,Bac plus 2,Informatique - Développement,A discuter
Offre : Profils IT- CASABLANCA ,ESN Multinationale,Casablanca,Bac plus 5,Informatique - Développement,A discuter
Ingénieur - Développement Informatique,sarl,Casablanca,Bac plus 5,Informatique - Développement,CDI
Développeurs JAVA JEE (H/F),SIS Consultants,Rabat,Bac plus 5,Informatique - Développement,A discuter
Ingénieur SENIOR - Développement Informatique,sarl,Casablanca,Bac plus 5,Informatique - Développement,CDI
Ingénieur Dévops confirmé ,A/R,Casablanca,Bac plus 5,Informatique - Développement,CDI
Commercial IT à Casablanca ,EMPSI CONSULTING,Casablanca,Bac plus 3,Commercial IT/Agence Com,A discuter
Assistante commerciale,appgroupe,Tanger,Bac plus 2,Assistant/Ventes/Accueil,A discuter
chargé de recouvrement confirmé,DEKRA SERVICES,Casablanca,Bac plus 4,Comptabilite/Gestion/Audit/Finance,Interim
Ingénieur études et développement,INSURBT,Casablanca,Bac plus 5,Informatique - Développement,CDI
responsable des appels d’offre,TWINS,Fès,Bac plus 3,Commercial/Technico-Commercial,A discuter
Développeur Fullstack AngularJS/NodeJS,Digital Brains,Casablanca,Bac plus 3,Informatique - Développement,CDI
Infographistes (h/f) à casablanca,Subliwear sarl,Casablanca,Bac plus 2,Informatique - Webdesign/Infographie,CDI
Informatique,Confidentiel,Rabat,Bac plus 2,Informatique - Développement,A discuter
Stage DEVELOPPEUR ,altes technologies,Casablanca,Bac plus 3,Informatique - Développement,Stage
Ingénieurs JAVA JEE (H/F),SIS Consultants,Rabat,Bac plus 5,Informatique - Développement,A discuter
GERANT LIBRAIRIE,KHADAMAT,Rabat,Pas important,Assistant/Ventes/Accueil,A discuter
Développeuse web,Softel ing,Temara,Bac plus 5,Informatique - Développement,CDI
IED/Chef de projet/Lead Tech,Multinationale,Casablanca,Bac plus 5,Informatique - Développement,CDI
Technico-Commercial IT,ISIUM,Casablanca,Bac plus 3,Commercial/Technico-Commercial,CDI
Désolé,none,none,none,none,none
Technicien Informatique ,Confidentielle,Mohammedia,Bac plus 2,Informatique - Systèmes/Réseaux,A discuter
Consultants JAVA JEE avec de l'expérience de 3ans ,Sym,Rabat,Bac plus 5,Informatique - Développement,CDI
Ingénieurs Développeurs JAVA JEE (H/F),SIS Consultants,Rabat,Bac plus 5,Informatique - Développement,A discuter
Technicien Informatique Réseau,NGS,Casablanca,Bac plus 2,Informatique - Systèmes/Réseaux,A discuter
"Développeur Web (PrestaShop, PHP, Symfony) ",ZONE ETUDES,Rabat,Bac plus 2,Informatique - Développement,CDD
Agent Back office - Billingue,4 000 - 6 000 DH,Casablanca,none,SAV/Hotline/Téléconseiller,Anapec
Développeur (se) web,Confidentiel,Marrakech,Bac plus 3,Informatique - Développement,A discuter
DEVLOPPEUR WEB EXPERIMENTE,Confidentiel,Marrakech,Bac plus 3,Informatique - Développement,A discuter
Stage pré-embauche  Angular nodejs,CLIC NET KEY,Casablanca,Pas important,Informatique - Développement,Stage
Infographiste a fes ,ANnoncesfesmek,Fès,Pas important,Informatique - Webdesign/Infographie,A discuter
Stage technicien informatique,SA,Casablanca,Bac plus 2,Informatique - Systèmes/Réseaux,Anapec
Technicien informatique,Bureau d'études,Rabat,Bac plus 2,Bureau etudes/BTP archit/conception,A discuter
Stage web dev,E-maroc wave,Rabat,Bac plus 3,Informatique - Développement,Stage
Ingénieur Test et Télécommunication,Entreprise de télécommunications,Casablanca,Bac plus 5,Informatique - Systèmes/Réseaux,Interim
Testeur QA,Tersea,Casablanca,Bac plus 5,Informatique - Systèmes/Réseaux,CDI
stage pour un Technicien réseau,ECHOLINK,Casablanca,Bac plus 2,Informatique - Systèmes/Réseaux,CDI
Développeurs seniors JAVA JEE (H/F),SIS Consultants,Rabat,Bac plus 5,Informatique - Développement,A discuter
Formateur de l’informatique :                     ,Centre de formation,Casablanca,Bac plus 3,Informatique - Systèmes d'Information,A discuter
Développeur Front-end,Rawtalent - Cabinet de recrutement,Rabat,Pas important,Informatique - Développement,CDI
Développeur Front-end,Rawtalent - Cabinet de recrutement,Rabat,Pas important,Informatique - Développement,CDI
Désolé,none,none,none,none,none
Technicien de support IT,Anonyme,Casablanca,Bac plus 2,Informatique - Systèmes/Réseaux,CDD
Informaticien polyvalent,Dental Express,Tanger,Bac plus 2,Informatique - Webdesign/Infographie,Stage
Ingénieur commercial Sage H/F,Intégrateur de sage,Casablanca,Bac plus 5,Commercial/Technico-Commercial,CDI
Développeur - Designer - Rédacteur web,Edconcept,Agadir,Pas important,Informatique - Développement,A discuter
Commercial B2B,Creativious,Marrakech,Pas important,Commercial professionnels (B2B),A discuter
Commerciale BtoB ,Marketpoke,Marrakech,Pas important,Commercial professionnels (B2B),A discuter
